-- INSERT
-- SUPPLIER
INSERT INTO SUPPLIER VALUES ('S000000001', 'SUPPLIER_A');
INSERT INTO SUPPLIER VALUES ('S000000002', 'SUPPLIER_B');
INSERT INTO SUPPLIER VALUES ('S000000003', 'SUPPLIER_C');
INSERT INTO SUPPLIER VALUES ('S000000004', 'SUPPLIER_D');
INSERT INTO SUPPLIER VALUES ('S000000005', 'SUPPLIER_E');
INSERT INTO SUPPLIER VALUES ('S000000006', 'SUPPLIER_F');
INSERT INTO SUPPLIER VALUES ('S000000007', 'SUPPLIER_G');

-- BRAND
INSERT INTO BRAND VALUES ('B000000001', '3M', 'S000000001');
INSERT INTO BRAND VALUES ('B000000002', '3M 테이프', 'S000000001');
INSERT INTO BRAND VALUES ('B000000003', '가드맨', 'S000000001');
INSERT INTO BRAND VALUES ('B000000004', '내쇼날', 'S000000001');
INSERT INTO BRAND VALUES ('B000000005', '대명산업', 'S000000001');
INSERT INTO BRAND VALUES ('B000000006', '도요철재공구함', 'S000000002');
INSERT INTO BRAND VALUES ('B000000007', '마스터열쇠', 'S000000002');
INSERT INTO BRAND VALUES ('B000000008', '명신광학', 'S000000002');
INSERT INTO BRAND VALUES ('B000000009', '상진', 'S000000002');
INSERT INTO BRAND VALUES ('B000000010', '성우', 'S000000002');
INSERT INTO BRAND VALUES ('B000000011', '쇼와', 'S000000002');
INSERT INTO BRAND VALUES ('B000000012', '스마토 공구집(폴리)', 'S000000003');
INSERT INTO BRAND VALUES ('B000000013', '스마토 마대', 'S000000003');
INSERT INTO BRAND VALUES ('B000000014', '스마토 망치', 'S000000003');
INSERT INTO BRAND VALUES ('B000000015', '스마토 부품상자', 'S000000003');
INSERT INTO BRAND VALUES ('B000000016', '스마토 비닐', 'S000000003');
INSERT INTO BRAND VALUES ('B000000017', '스마토 빠루', 'S000000003');
INSERT INTO BRAND VALUES ('B000000018', '스마토 열쇠', 'S000000004');
INSERT INTO BRAND VALUES ('B000000019', '스마토 흙손', 'S000000004');
INSERT INTO BRAND VALUES ('B000000020', '스마토 PVC공구함', 'S000000004');
INSERT INTO BRAND VALUES ('B000000021', '시스맥스', 'S000000004');
INSERT INTO BRAND VALUES ('B000000022', '신정글러브', 'S000000004');
INSERT INTO BRAND VALUES ('B000000023', '오메가', 'S000000004');
INSERT INTO BRAND VALUES ('B000000024', '오토스', 'S000000005');
INSERT INTO BRAND VALUES ('B000000025', '유한킴벌리산업안전', 'S000000005');
INSERT INTO BRAND VALUES ('B000000026', '일선비닐', 'S000000005');
INSERT INTO BRAND VALUES ('B000000027', '일흥', 'S000000005');
INSERT INTO BRAND VALUES ('B000000028', '자이안트록', 'S000000005');
INSERT INTO BRAND VALUES ('B000000029', '중앙', 'S000000006');
INSERT INTO BRAND VALUES ('B000000030', '코레카', 'S000000006');
INSERT INTO BRAND VALUES ('B000000031', '태흥', 'S000000006');
INSERT INTO BRAND VALUES ('B000000032', '한승계기', 'S000000006');
INSERT INTO BRAND VALUES ('B000000033', '한영넉스', 'S000000006');
INSERT INTO BRAND VALUES ('B000000034', '현대일렉트릭', 'S000000006');
INSERT INTO BRAND VALUES ('B000000035', 'CRETOS 가죽보호구', 'S000000007');
INSERT INTO BRAND VALUES ('B000000036', 'MD마대', 'S000000007');
INSERT INTO BRAND VALUES ('B000000037', 'SMATO 마스크', 'S000000007');
INSERT INTO BRAND VALUES ('B000000038', 'SMATO 멀티코드', 'S000000007');
INSERT INTO BRAND VALUES ('B000000039', 'SMATO 케이블타이', 'S000000007');
INSERT INTO BRAND VALUES ('B000000040', 'SMATO 테이프1 ', 'S000000007');

-- L_CATEGORY
INSERT INTO L_CATEGORY VALUES ('LC00000001', '철물ㆍ원예ㆍ사무용품');
INSERT INTO L_CATEGORY VALUES ('LC00000002', '안전용품');
INSERT INTO L_CATEGORY VALUES ('LC00000003', '산업용품');

-- M_CATEGORY
INSERT INTO M_CATEGORY VALUES ('MC00000001', '철물', 'LC00000001');
INSERT INTO M_CATEGORY VALUES ('MC00000002', '부품상자, 공구함', 'LC00000001');
INSERT INTO M_CATEGORY VALUES ('MC00000003', '안면보호구', 'LC00000002');
INSERT INTO M_CATEGORY VALUES ('MC00000004', '안전장갑', 'LC00000002');
INSERT INTO M_CATEGORY VALUES ('MC00000005', '포장용품', 'LC00000003');
INSERT INTO M_CATEGORY VALUES ('MC00000006', '전기기자재', 'LC00000003');

-- S_CATEGORY
INSERT INTO S_CATEGORY VALUES ('SC00000001', '망치,빠루', 'MC00000001');
INSERT INTO S_CATEGORY VALUES ('SC00000002', '미장공구', 'MC00000001');
INSERT INTO S_CATEGORY VALUES ('SC00000003', '열쇠', 'MC00000001');
INSERT INTO S_CATEGORY VALUES ('SC00000004', '공구상자', 'MC00000002');
INSERT INTO S_CATEGORY VALUES ('SC00000005', '공구함', 'MC00000002');
INSERT INTO S_CATEGORY VALUES ('SC00000006', '부품상자', 'MC00000002');
INSERT INTO S_CATEGORY VALUES ('SC00000007', '보안경', 'MC00000003');
INSERT INTO S_CATEGORY VALUES ('SC00000008', '용접면', 'MC00000003');
INSERT INTO S_CATEGORY VALUES ('SC00000009', '호흡보호구', 'MC00000003');
INSERT INTO S_CATEGORY VALUES ('SC00000010', 'PVC장갑', 'MC00000004');
INSERT INTO S_CATEGORY VALUES ('SC00000011', '목장갑', 'MC00000004');
INSERT INTO S_CATEGORY VALUES ('SC00000012', '절연장갑', 'MC00000004');
INSERT INTO S_CATEGORY VALUES ('SC00000013', '마대', 'MC00000005');
INSERT INTO S_CATEGORY VALUES ('SC00000014', '비닐', 'MC00000005');
INSERT INTO S_CATEGORY VALUES ('SC00000015', '테이프', 'MC00000005');
INSERT INTO S_CATEGORY VALUES ('SC00000016', '배선기구', 'MC00000006');
INSERT INTO S_CATEGORY VALUES ('SC00000017', '제어기기', 'MC00000006');
INSERT INTO S_CATEGORY VALUES ('SC00000018', '케이블타이', 'MC00000006');

-- ITEM
INSERT INTO ITEM VALUES ('I100-2102', '오해머(화이버)', '10 LBS', '1', 'EA', '3194', '6570', '1', 'SC00000001', 'B000000014');
INSERT INTO ITEM VALUES ('I100-1839', '볼망치', '12 OZ', '1', 'EA', '1757', '4920', '1', 'SC00000001', 'B000000014');
INSERT INTO ITEM VALUES ('I102-1772', '육각빠루(강력형)', 'SM-26W600(600MM)', '1', 'EA', '4', '6560', '1', 'SC00000001', 'B000000017');
INSERT INTO ITEM VALUES ('I101-9980', '육각빠루(보급형)', 'SM-16W600(600MM)', '1', 'EA', '1591', '5400', '1', 'SC00000001', 'B000000017');
INSERT INTO ITEM VALUES ('I190-0992', '퍼펙트타일톱니흙손', '270x110x0.7(대)', '1', 'EA', '4592', '6600', '1', 'SC00000002', 'B000000009');
INSERT INTO ITEM VALUES ('I190-0895', '광창렝가고대', '180x145x0.1(절단형)', '1', 'EA', '4589', '3500', '1', 'SC00000002', 'B000000009');
INSERT INTO ITEM VALUES ('I113-8717', '톱니고대', 'TT2703(270*80*0.7(3))', '1', 'EA', '0', '5870', '1', 'SC00000002', 'B000000019');
INSERT INTO ITEM VALUES ('I177-1752', '미장판', '375*335*10', '1', 'EA', '19', '7900', '1', 'SC00000002', 'B000000005');
INSERT INTO ITEM VALUES ('I168-0229', '넘버열쇠', '647D', '1', 'EA', '261', '8510', '1', 'SC00000003', 'B000000007');
INSERT INTO ITEM VALUES ('I101-2774', '다이얼열쇠', 'NL0550', '1', 'EA', '2772', '4100', '1', 'SC00000003', 'B000000018');
INSERT INTO ITEM VALUES ('I168-0539', '카라비너열쇠', '1555EURDCOL', '1', 'EA', '1805', '8180', '1', 'SC00000003', 'B000000007');
INSERT INTO ITEM VALUES ('I168-1219', '잠금장치스테이션', '1482B', '1', 'EA', '2', '116000', '1', 'SC00000003', 'B000000007');
INSERT INTO ITEM VALUES ('I171-0256', '농산물상자', 'NAP-118(황색)', '1', 'EA', '4663', '10600', '1', 'SC00000004', 'B000000004');
INSERT INTO ITEM VALUES ('I113-6241', '공구상자', 'STC-118(=NTC-105)', '1', 'EA', '10', '3950', '1', 'SC00000004', 'B000000015');
INSERT INTO ITEM VALUES ('I171-5288', '빵상자', '주문품/NBK-503(청색)', '1', 'EA', '4152', '8700', '1', 'SC00000004', 'B000000004');
INSERT INTO ITEM VALUES ('I171-1954', '병유리상자', '주문품/NBC-301(황색)', '1', 'EA', '1590', '12400', '1', 'SC00000004', 'B000000004');
INSERT INTO ITEM VALUES ('I102-0135', '절첩식상자(소)', '370*260*270', '1', 'EA', '2094', '13000', '1', 'SC00000005', 'B000000020');
INSERT INTO ITEM VALUES ('I102-0126', '절첩식바구니', '475*350*240', '1', 'EA', '3775', '11000', '1', 'SC00000005', 'B000000020');
INSERT INTO ITEM VALUES ('I172-0022', '철재공구함', 'Y-350(360*150*100)', '1', 'EA', '3674', '15100', '1', 'SC00000005', 'B000000006');
INSERT INTO ITEM VALUES ('I103-7898', '공구가방(전문가용)', 'SMT7005 PRO', '1', 'EA', '4240', '51900', '1', 'SC00000005', 'B000000012');
INSERT INTO ITEM VALUES ('I170-0107', '부품함', 'CA507', '1', 'EA', '4642', '17400', '1', 'SC00000006', 'B000000029');
INSERT INTO ITEM VALUES ('I170-3593', '시스템다용도함', '12단(396x239x313)', '1', 'EA', '2314', '36000', '1', 'SC00000006', 'B000000021');
INSERT INTO ITEM VALUES ('I171-0928', '투명상자', '400특대', '1', 'EA', '1840', '34000', '1', 'SC00000006', 'B000000004');
INSERT INTO ITEM VALUES ('I171-0104', '부품상자1호', 'NTB-201(회색)', '1', 'EA', '1599', '1800', '1', 'SC00000006', 'B000000004');
INSERT INTO ITEM VALUES ('I825-2733', '안전안경', '버츄아', '10', 'EA', '2320', '3100', '10', 'SC00000007', 'B000000001');
INSERT INTO ITEM VALUES ('I835-5464', '차광안경', 'B-904XGF', '1', 'EA', '1082', '10900', '1', 'SC00000007', 'B000000024');
INSERT INTO ITEM VALUES ('I836-3084', '안전모 부착형 보안경', 'HPB #3.0', '1', 'EA', '4469', '13400', '1', 'SC00000007', 'B000000008');
INSERT INTO ITEM VALUES ('I836-0528', '클립형보안경', '#1.2(노랑)', '1', 'EA', '451', '10300', '1', 'SC00000007', 'B000000008');
INSERT INTO ITEM VALUES ('I835-0707', '수동면', 'W-82', '1', 'EA', '95', '10200', '1', 'SC00000008', 'B000000024');
INSERT INTO ITEM VALUES ('I837-0039', '개폐면', 'IH408ST', '1', 'EA', '3795', '9700', '1', 'SC00000008', 'B000000027');
INSERT INTO ITEM VALUES ('I835-6349', '자동차광용접면', '카멜레온4/실버*플러스*new', '1', 'EA', '5', '202000', '1', 'SC00000008', 'B000000024');
INSERT INTO ITEM VALUES ('I837-0093', '프라수동면', 'IH330FH', '1', 'EA', '4139', '12400', '1', 'SC00000008', 'B000000027');
INSERT INTO ITEM VALUES ('I825-0267', '안면부 여과식 방진마스크', '8822', '10', 'EA', '3130', '2180', '10', 'SC00000009', 'B000000001');
INSERT INTO ITEM VALUES ('I839-1449', '부직포마스크', '퓨어마스크', '50', 'EA', '3800', '130', '50', 'SC00000009', 'B000000037');
INSERT INTO ITEM VALUES ('I886-2567', '청정마스크', '82001 덴탈마스크(청색)', '50', 'EA', '50', '240', '50', 'SC00000009', 'B000000025');
INSERT INTO ITEM VALUES ('I825-0364', '방진필터', '#2097K(2EA/1봉)', '2', 'EA', '332', '3430', '2', 'SC00000009', 'B000000001');
INSERT INTO ITEM VALUES ('I112-9524', 'PVC장갑', 'PV-8732(270)', '10', '조', '4210', '1760', '10', 'SC00000010', 'B000000035');
INSERT INTO ITEM VALUES ('I860-0143', 'PVC장갑', '까만손(TH-204)', '10', '조', '4420', '3240', '10', 'SC00000010', 'B000000031');
INSERT INTO ITEM VALUES ('I862-0314', 'PVC장갑', 'NO.650 L파란색', '10', '조', '4470', '6250', '10', 'SC00000010', 'B000000011');
INSERT INTO ITEM VALUES ('I862-0448', 'PVC장갑', 'BO700R(구.130)백색 L', '10', '조', '0', '1940', '10', 'SC00000010', 'B000000011');
INSERT INTO ITEM VALUES ('I860-0578', '목장갑', '40G(흑색)', '300', '조', '1800', '190', '300', 'SC00000011', 'B000000022');
INSERT INTO ITEM VALUES ('I860-0587', '목장갑', '45G(녹색)', '300', '조', '4800', '210', '300', 'SC00000011', 'B000000022');
INSERT INTO ITEM VALUES ('I888-4569', '목장갑', '50g(청색)', '300', '조', '3900', '230', '300', 'SC00000011', 'B000000003');
INSERT INTO ITEM VALUES ('I888-4550', '목장갑', '45g(적색)', '300', '조', '2700', '210', '300', 'SC00000011', 'B000000003');
INSERT INTO ITEM VALUES ('I859-4505', '절연장갑', '500V이하', '1', '조', '4392', '45000', '1', 'SC00000012', 'B000000023');
INSERT INTO ITEM VALUES ('I859-4514', '절연장갑', '1000V이하', '1', '조', '4035', '55300', '1', 'SC00000012', 'B000000023');
INSERT INTO ITEM VALUES ('I859-0387', '노백스절연장갑', 'CLASS00-500V이하(10호)', '1', '조', '530', '44300', '1', 'SC00000012', 'B000000030');
INSERT INTO ITEM VALUES ('I859-4772', '노백스절연장갑', 'CLASS3-26500V이하(10호)', '1', '조', '18', '166000', '1', 'SC00000012', 'B000000030');
INSERT INTO ITEM VALUES ('I890-2944', '100K일반마대', '750x1100(100kg)-끈유', '100', 'EA', '3600', '360', '100', 'SC00000013', 'B000000036');
INSERT INTO ITEM VALUES ('I890-2458', '볼트마대', '400x600-끈무', '200', 'EA', '2800', '160', '200', 'SC00000013', 'B000000036');
INSERT INTO ITEM VALUES ('I890-2476', '왕겨마대', '1000x1250-끈유', '100', 'EA', '4900', '510', '100', 'SC00000013', 'B000000013');
INSERT INTO ITEM VALUES ('I890-3156', 'PP원료마대', '550x850', '100', 'EA', '2000', '380', '100', 'SC00000013', 'B000000013');
INSERT INTO ITEM VALUES ('I891-0518', '건축용비닐', '0.03T*1800*50M', '1', 'EA', '2414', '13600', '1', 'SC00000014', 'B000000026');
INSERT INTO ITEM VALUES ('I891-0536', '건축용비닐', '0.08T*1800*50M', '1', 'EA', '0', '41000', '1', 'SC00000014', 'B000000026');
INSERT INTO ITEM VALUES ('I891-0590', '롤비닐', '0.05T*200*400M', '1', 'EA', '2491', '38300', '1', 'SC00000014', 'B000000016');
INSERT INTO ITEM VALUES ('I891-0615', '롤비닐', '0.05T*500*400M', '1', 'EA', '4665', '95500', '1', 'SC00000014', 'B000000016');
INSERT INTO ITEM VALUES ('I825-1743', 'OPP테이프(러버)', '투명48*40M', '50', 'EA', '4900', '1080', '50', 'SC00000015', 'B000000002');
INSERT INTO ITEM VALUES ('I893-0017', '절연테이프', '검정10M(파워)', '20', 'EA', '2960', '460', '20', 'SC00000015', 'B000000010');
INSERT INTO ITEM VALUES ('I112-9764', '라인용마킹테이프', '황색50*33', '1', 'EA', '4598', '4380', '1', 'SC00000015', 'B000000040');
INSERT INTO ITEM VALUES ('I113-0955', '면테이프', '녹색50*25', '40', 'EA', '2040', '2690', '40', 'SC00000015', 'B000000040');
INSERT INTO ITEM VALUES ('I143-2118', '플러그', '접지 "ㅡ"자형 (HP-1)', '20', 'EA', '1300', '780', '20', 'SC00000016', 'B000000034');
INSERT INTO ITEM VALUES ('I143-2154', '노출콘센트', '접지 2구/나사형 (HOEC-2)', '10', 'EA', '20', '1160', '10', 'SC00000016', 'B000000034');
INSERT INTO ITEM VALUES ('I143-2163', '노출콘센트', '접지 3구/나사형 (HOEC-3)', '10', 'EA', '1810', '1650', '10', 'SC00000016', 'B000000034');
INSERT INTO ITEM VALUES ('I102-8322', 'T형 멀티콘센트', 'SM T3-02(3구2호) 차단', '12', 'EA', '1236', '3430', '12', 'SC00000016', 'B000000038');
INSERT INTO ITEM VALUES ('I789-0411', '디지털온도컨트롤러', 'BR6-FNSP3', '1', 'EA', '2742', '29400', '1', 'SC00000017', 'B000000033');
INSERT INTO ITEM VALUES ('I789-1757', '휴대용 지시온도계', 'D55', '1', 'EA', '42', '128000', '1', 'SC00000017', 'B000000033');
INSERT INTO ITEM VALUES ('I789-0457', '그래픽 기록계', 'GR200-2N0', '1', 'EA', '3029', '1277000', '1', 'SC00000017', 'B000000033');
INSERT INTO ITEM VALUES ('I791-0016', '아날로그 타임스위치', 'HTS-24A', '1', 'EA', '3401', '26700', '1', 'SC00000017', 'B000000032');
INSERT INTO ITEM VALUES ('I883-2140', '케이블타이', '미니 140MM흑색(100EA)', '1', '봉', '517', '1110', '1', 'SC00000018', 'B000000028');
INSERT INTO ITEM VALUES ('I883-2159', '케이블타이', '미니 200MM흑색(100EA)', '1', '봉', '4', '2110', '1', 'SC00000018', 'B000000028');
INSERT INTO ITEM VALUES ('I102-3716', '케이블타이', '270mm 백색(500EA)', '1', '봉', '15', '14800', '1', 'SC00000018', 'B000000039');
INSERT INTO ITEM VALUES ('I102-2984', '케이블타이', '300mm 백색(500EA)', '1', '봉', '1104', '14800', '1', 'SC00000018', 'B000000039');

-- CUSTOMER
INSERT INTO CUSTOMER VALUES ('C200000001', 'hpio0', '47668i54te0', '충남 아산시 도고면 석당리 41', '01041302878', 'M', STR_TO_DATE('1987-01-03', '%Y-%m-%d'), '구', '빙', '인터넷설치기사', '도매업');
INSERT INTO CUSTOMER VALUES ('C200000002', 'hkss1', '1e4ulbrr271', '부산 연제구 연산6동 46', '01082187540', 'F', STR_TO_DATE('1977-09-19', '%Y-%m-%d'), '명민', '방', '도배업자', '도매업');
INSERT INTO CUSTOMER VALUES ('C200000003', 'pfci2', '632c08588j2', '전북 전주시 완산구 삼천동1가 금호청솔아파트 15', '01066422178', 'F', STR_TO_DATE('1974-04-09', '%Y-%m-%d'), '십겁', '연', '학생', '기타');
INSERT INTO CUSTOMER VALUES ('C200000004', 'akas3', 'h8a7o2et623', '경기 수원시 영통구 매탄3동 주공그린빌아파트 38', '01038485053', 'M', STR_TO_DATE('1990-07-14', '%Y-%m-%d'), '식균', '장', '전업주부', '기타');
INSERT INTO CUSTOMER VALUES ('C200000005', 'ncbk4', '2354p2hlic4', '충남 아산시 온양1동 경남아너스빌아파트 36', '01051840181', 'M', STR_TO_DATE('1955-01-11', '%Y-%m-%d'), '식균', '용', '측량기사', '기타');
INSERT INTO CUSTOMER VALUES ('C200000006', 'vkii5', '8057c83m4u5', '충북 청주시 흥덕구 봉명1동 3', '01062024054', 'M', STR_TO_DATE('1983-11-10', '%Y-%m-%d'), '적회', '소', '의사', '소매업');
INSERT INTO CUSTOMER VALUES ('C200000007', 'agfj6', '1c1bg578136', '전남 완도군 청산면 동촌리 79', '01041863736', 'F', STR_TO_DATE('1979-11-04', '%Y-%m-%d'), '숙', '명', '교사', '도매업');
INSERT INTO CUSTOMER VALUES ('C200000008', 'gxsq7', 'm01hiwqhdb7', '부산 연제구 연산2동 66', '01073877116', 'F', STR_TO_DATE('1951-02-24', '%Y-%m-%d'), '계명', '모', '측량기사', '도매업');
INSERT INTO CUSTOMER VALUES ('C200000009', 'ehrx8', '6133551c5t8', '서울 은평구 응암1동 39', '01025452005', 'F', STR_TO_DATE('1951-04-09', '%Y-%m-%d'), '숙성', '부', '전기기사', '소매업');
INSERT INTO CUSTOMER VALUES ('C200000010', 'xsqv9', 'wp3fo0211s9', '전남 완도군 신지면 양천리 95', '01052771807', 'M', STR_TO_DATE('1969-05-31', '%Y-%m-%d'), '승멱', '소', '농업종사자', '기타');
INSERT INTO CUSTOMER VALUES ('C200000011', 'hwwq10', 'jn0sb5umw510', '서울 중구 서울중앙우체국사서함 19', '01070207803', 'M', STR_TO_DATE('1984-12-07', '%Y-%m-%d'), '즙청', '당', '대학교수', '도매업');
INSERT INTO CUSTOMER VALUES ('C200000012', 'gdet11', '2w0146n1s411', '경기 용인시 기흥구 서천동 경희대학교국제캠퍼스', '01083848617', 'M', STR_TO_DATE('1997-04-27', '%Y-%m-%d'), '춘식', '마', '직업군인', '소매업');
INSERT INTO CUSTOMER VALUES ('C200000013', 'xkfq12', 'aa261431cu12', '부산 동구 좌천4동 68', '01031163405', 'F', STR_TO_DATE('1989-04-04', '%Y-%m-%d'), '증휼', '하', '농업종사자', '기타');
INSERT INTO CUSTOMER VALUES ('C200000014', 'raxv13', '7303qm63h313', '경기 안산시 단원구 고잔2동 주공7단지아파트 (701∼714동) 73', '01057278800', 'M', STR_TO_DATE('1950-05-22', '%Y-%m-%d'), '회득', '정', '측량기사', '소매업');
INSERT INTO CUSTOMER VALUES ('C200000015', 'scjj14', '16cr8whr4614', '경기 수원시 권선구 서둔동 44', '01056602313', 'F', STR_TO_DATE('1964-12-21', '%Y-%m-%d'), '증휼', '매', '의사', '소매업');
INSERT INTO CUSTOMER VALUES ('C200000016', 'ertp15', '0wd7e8v5ll15', '서울 성북구 월곡2동 83', '01067747035', 'F', STR_TO_DATE('1985-12-24', '%Y-%m-%d'), '의', '양', '전기기사', '기타');
INSERT INTO CUSTOMER VALUES ('C200000017', 'tpji16', 'l0gbehf7h716', '부산 수영구 수영동 331', '01022851532', 'F', STR_TO_DATE('1974-03-16', '%Y-%m-%d'), '실', '기', '인터넷설치기사', '소매업');
INSERT INTO CUSTOMER VALUES ('C200000018', 'wpjm17', '5312ww465717', '경북 경주시 외동읍 냉천리 550', '01022021206', 'M', STR_TO_DATE('1948-10-07', '%Y-%m-%d'), '식균', '가', '건설업자', '기타');
INSERT INTO CUSTOMER VALUES ('C200000019', 'kprr18', '7rxc42ee2518', '전남 광양시 마동 송보파인빌뷰아파트 506동 1103호', '01035257826', 'F', STR_TO_DATE('1974-08-28', '%Y-%m-%d'), '춘식', '문', '인터넷설치기사', '소매업');
INSERT INTO CUSTOMER VALUES ('C200000020', 'dhdi19', 'gms2ob17ts19', '울산 울주군 온양읍 럭키아파트 101동 904호', '01040316314', 'M', STR_TO_DATE('1945-01-09', '%Y-%m-%d'), '회득', '신', '측량기사', '기타');
INSERT INTO CUSTOMER VALUES ('C200000021', 'mjbf20', 'k85km0663f20', '경북 영천시 고경면 단포리 3', '01036562474', 'F', STR_TO_DATE('1995-09-14', '%Y-%m-%d'), '균권', '박', '택시기사', '소매업');
INSERT INTO CUSTOMER VALUES ('C200000022', 'kkcg21', '50x532t1vg21', '경북 상주시 함창읍 대조리 98', '01065557487', 'M', STR_TO_DATE('1961-11-14', '%Y-%m-%d'), '명숙', '배', '도배업자', '도매업');
INSERT INTO CUSTOMER VALUES ('C200000023', 'fxdk22', '7c56s0o8xk22', '경북 영주시 가흥1동 주공임대아파트 101동 207호', '01058156571', 'M', STR_TO_DATE('1957-05-05', '%Y-%m-%d'), '증휼', '명', '건설업자', '소매업');
INSERT INTO CUSTOMER VALUES ('C200000024', 'ahxd23', 'n1p78mjcvp23', '전북 장수군 계북면 어전리 20', '01033241620', 'M', STR_TO_DATE('1968-05-03', '%Y-%m-%d'), '출계', '아', '측량기사', '소매업');
INSERT INTO CUSTOMER VALUES ('C200000025', 'fojt24', '50wxiwh8wf24', '경북 구미시 원평1동 963', '01021772231', 'F', STR_TO_DATE('1954-08-05', '%Y-%m-%d'), '회득', '포', '인터넷설치기사', '기타');
INSERT INTO CUSTOMER VALUES ('C200000026', 'kgni25', '1osmm1548a25', '전북 김제시 청하면 8', '01024122064', 'M', STR_TO_DATE('1996-10-15', '%Y-%m-%d'), '실도', '차', '건설업자', '기타');
INSERT INTO CUSTOMER VALUES ('C200000027', 'xhtk26', '543lxgi6g826', '부산 동래구 사직2동 16', '01034208666', 'M', STR_TO_DATE('1967-02-04', '%Y-%m-%d'), '도랑', '태', '직업군인', '도매업');
INSERT INTO CUSTOMER VALUES ('C200000028', 'gpuk27', '735qpk0u1m27', '전북 전주시 완산구 중노송동 451', '01025778053', 'F', STR_TO_DATE('1972-09-21', '%Y-%m-%d'), '명민', '계', '사회복지사', '소매업');
INSERT INTO CUSTOMER VALUES ('C200000029', 'sauu28', 'kn8mv1a5pn28', '경남 산청군 단성면 남사리 89', '01083825210', 'F', STR_TO_DATE('1946-08-08', '%Y-%m-%d'), '십겁', '나', '농업종사자', '도매업');
INSERT INTO CUSTOMER VALUES ('C200000030', 'rahf29', '56xf61431a29', '경남 밀양시 부북면 38', '01080853653', 'F', STR_TO_DATE('1968-07-08', '%Y-%m-%d'), '청맹', '당', '건설업자', '기타');
INSERT INTO CUSTOMER VALUES ('C100000001', 'tlvu30', '18l3kixl5q30', '부산 동구 범일1동 34', '01088702126', 'M', STR_TO_DATE('1996-08-27', '%Y-%m-%d'), NULL, NULL, NULL, NULL);
INSERT INTO CUSTOMER VALUES ('C100000002', 'kbwd31', '5opx2aoj4w31', '부산 사하구 괴정3동 28', '01025806575', 'F', STR_TO_DATE('1991-10-26', '%Y-%m-%d'), NULL, NULL, NULL, NULL);
INSERT INTO CUSTOMER VALUES ('C100000003', 'afhf32', 'm3v654vi3q32', '경남 창원시 마산합포구 상남동 교보생명빌딩 67', '01085400840', 'M', STR_TO_DATE('1950-07-13', '%Y-%m-%d'), NULL, NULL, NULL, NULL);
INSERT INTO CUSTOMER VALUES ('C100000004', 'ecer33', 'ur3ca63nq533', '서울 노원구 서울노원우체국사서함 94', '01052754730', 'M', STR_TO_DATE('1975-09-08', '%Y-%m-%d'), NULL, NULL, NULL, NULL);
INSERT INTO CUSTOMER VALUES ('C100000005', 'ogem34', 'en52i1682834', '전북 고창군 흥덕면 석교리 92', '01077665565', 'F', STR_TO_DATE('1960-05-24', '%Y-%m-%d'), NULL, NULL, NULL, NULL);
INSERT INTO CUSTOMER VALUES ('C100000006', 'pkrb35', 'ep6inkvl1i35', '전남 해남군 북일면 흥촌리 20', '01027143788', 'F', STR_TO_DATE('1961-09-03', '%Y-%m-%d'), NULL, NULL, NULL, NULL);
INSERT INTO CUSTOMER VALUES ('C100000007', 'lxod36', 'i2bxq5i2t636', '대구 북구 침산3동 57', '01072478741', 'M', STR_TO_DATE('1966-10-06', '%Y-%m-%d'), NULL, NULL, NULL, NULL);
INSERT INTO CUSTOMER VALUES ('C100000008', 'xjaq37', '3u0gl3j82t37', '부산 사하구 신평1동 럭키무지개아파트 37', '01064711122', 'M', STR_TO_DATE('1986-01-16', '%Y-%m-%d'), NULL, NULL, NULL, NULL);
INSERT INTO CUSTOMER VALUES ('C100000009', 'dwgw38', '25807nf20f38', '대구 동구 신암2동 강남아파트 33', '01020235160', 'F', STR_TO_DATE('1977-01-31', '%Y-%m-%d'), NULL, NULL, NULL, NULL);
INSERT INTO CUSTOMER VALUES ('C100000010', 'cwbq39', '736w8t64wp39', '경기 용인시 기흥구 구갈동 강남대학교 52', '01074344836', 'F', STR_TO_DATE('1972-05-10', '%Y-%m-%d'), NULL, NULL, NULL, NULL);
INSERT INTO CUSTOMER VALUES ('C100000011', 'gdnb40', '3jl373g08s40', '서울 강동구 성내3동 93', '01022488542', 'F', STR_TO_DATE('1949-08-15', '%Y-%m-%d'), NULL, NULL, NULL, NULL);
INSERT INTO CUSTOMER VALUES ('C100000012', 'vjgw41', '24bnsq5foh41', '충북 충주시 칠금동 85', '01084682818', 'M', STR_TO_DATE('1958-06-08', '%Y-%m-%d'), NULL, NULL, NULL, NULL);
INSERT INTO CUSTOMER VALUES ('C100000013', 'xgfx42', '37c4da0so042', '대구 수성구 사월동 시지푸르지오아파트 6', '01046710064', 'M', STR_TO_DATE('1971-04-14', '%Y-%m-%d'), NULL, NULL, NULL, NULL);
INSERT INTO CUSTOMER VALUES ('C100000014', 'orru43', 's6g02233a243', '전남 강진군 옴천면 기좌리 51', '01063313468', 'M', STR_TO_DATE('1958-03-16', '%Y-%m-%d'), NULL, NULL, NULL, NULL);
INSERT INTO CUSTOMER VALUES ('C100000015', 'vnpt44', '2ths8c1t5244', '대구 동구 율하동 999', '01078114588', 'M', STR_TO_DATE('1990-04-21', '%Y-%m-%d'), NULL, NULL, NULL, NULL);
INSERT INTO CUSTOMER VALUES ('C100000016', 'loeh45', '2p830r6oc845', '울산 울주군 범서읍 천상리 청구그린타운아파트 89', '01031060170', 'M', STR_TO_DATE('1982-03-17', '%Y-%m-%d'), NULL, NULL, NULL, NULL);
INSERT INTO CUSTOMER VALUES ('C100000017', 'orob46', 'ga3546wqo346', '경기 군포시 군포2동 휴먼시아5단지아파트 5', '01040603386', 'F', STR_TO_DATE('1966-04-10', '%Y-%m-%d'), NULL, NULL, NULL, NULL);
INSERT INTO CUSTOMER VALUES ('C100000018', 'qxpk47', '41br8vm2u447', '서울 용산구 동자동 19', '01070131004', 'M', STR_TO_DATE('1949-12-16', '%Y-%m-%d'), NULL, NULL, NULL, NULL);
INSERT INTO CUSTOMER VALUES ('C100000019', 'frjv48', 'cxjm5v650448', '울산 남구 무거동 16', '01060482370', 'M', STR_TO_DATE('1997-08-08', '%Y-%m-%d'), NULL, NULL, NULL, NULL);
INSERT INTO CUSTOMER VALUES ('C100000020', 'uuui49', 'v810r7476049', '경북 영양군 석보면 원리1리 4', '01058706363', 'M', STR_TO_DATE('1966-02-13', '%Y-%m-%d'), NULL, NULL, NULL, NULL);
INSERT INTO CUSTOMER VALUES ('C000000001', 'knuk50', 'pd4cq32fwx50', '서울 강남구 삼성2동 55', '01035161450', NULL, NULL, NULL, NULL, NULL, NULL);
INSERT INTO CUSTOMER VALUES ('C000000002', 'lunu51', 'j55h087l7q51', '서울 광진구 자양4동 50', '01034081067', NULL, NULL, NULL, NULL, NULL, NULL);
INSERT INTO CUSTOMER VALUES ('C000000003', 'stid52', 'nb4gkkcfs652', '대구 남구 대명9동 8', '01057771502', NULL, NULL, NULL, NULL, NULL, NULL);
INSERT INTO CUSTOMER VALUES ('C000000004', 'updd53', '6vmvkj558253', '인천 강화군 서도면 말도리 76', '01053885163', NULL, NULL, NULL, NULL, NULL, NULL);
INSERT INTO CUSTOMER VALUES ('C000000005', 'sunv54', '55j20h6v0l54', '경북 안동시 일직면 평팔리 11', '01074566268', NULL, NULL, NULL, NULL, NULL, NULL);
INSERT INTO CUSTOMER VALUES ('C000000006', 'mmxa55', '85u64150ns55', '서울 중구 서울중앙우체국사서함 27', '01048723264', NULL, NULL, NULL, NULL, NULL, NULL);
INSERT INTO CUSTOMER VALUES ('C000000007', 'hhvk56', 'wmxe027b7756', '경기 파주시 조리읍 성원아파트 86', '01020082257', NULL, NULL, NULL, NULL, NULL, NULL);
INSERT INTO CUSTOMER VALUES ('C000000008', 'bcug57', '4t0i5764ib57', '전남 강진군 병영면 지로리 69', '01085101050', NULL, NULL, NULL, NULL, NULL, NULL);
INSERT INTO CUSTOMER VALUES ('C000000009', 'ittw58', 'b1qo0n7mt558', '경남 양산시 명곡동 44', '01030758454', NULL, NULL, NULL, NULL, NULL, NULL);
INSERT INTO CUSTOMER VALUES ('C000000010', 'hcdr59', 'b854cjduau59', '세종 금남면 발산리 1', '01050174218', NULL, NULL, NULL, NULL, NULL, NULL);
INSERT INTO CUSTOMER VALUES ('C000000011', 'rjpe60', '5n5tk41s7o60', '인천 계양구 동양동 주공뜨란채아파트 46', '01030107860', NULL, NULL, NULL, NULL, NULL, NULL);
INSERT INTO CUSTOMER VALUES ('C000000012', 'elnm61', '31ctr2tb6x61', '충북 청원군 미원면 화창리 83', '01088110431', NULL, NULL, NULL, NULL, NULL, NULL);
INSERT INTO CUSTOMER VALUES ('C000000013', 'qwdr62', 'tdxh5473r462', '경기 이천시 증포동 92', '01051710280', NULL, NULL, NULL, NULL, NULL, NULL);
INSERT INTO CUSTOMER VALUES ('C000000014', 'xull63', '774w25088263', '경기 시흥시 정왕3동 98', '01064117453', NULL, NULL, NULL, NULL, NULL, NULL);
INSERT INTO CUSTOMER VALUES ('C000000015', 'tmqx64', '8p34o4708o64', '경남 의령군 가례면 대천리 75', '01038077528', NULL, NULL, NULL, NULL, NULL, NULL);
INSERT INTO CUSTOMER VALUES ('C000000016', 'luaj65', 'gbd1a018lh65', '전남 곡성군 오산면 23', '01086482228', NULL, NULL, NULL, NULL, NULL, NULL);
INSERT INTO CUSTOMER VALUES ('C000000017', 'pkbs66', 'bfd63hcq8b66', '세종 금남면 국곡리 37', '01054220615', NULL, NULL, NULL, NULL, NULL, NULL);
INSERT INTO CUSTOMER VALUES ('C000000018', 'iumc67', '466i6t2g0t67', '경기 성남시 중원구 상대원1동 쌍용IT트윈타워아파트형공장 8', '01028158410', NULL, NULL, NULL, NULL, NULL, NULL);
INSERT INTO CUSTOMER VALUES ('C000000019', 'cwvw68', 'h415llk48768', '경기 하남시 덕풍2동 산47', '01026051182', NULL, NULL, NULL, NULL, NULL, NULL);
INSERT INTO CUSTOMER VALUES ('C000000020', 'stsc69', '7r4o2ui00v69', '인천 부평구 부평3동 67', '01057577150', NULL, NULL, NULL, NULL, NULL, NULL);

-- SHIPPINGCOMPANY
INSERT INTO SHIPPINGCOMPANY VALUES ('SH00000001', 'SCOMPANY_A', '025374829', '서울인천경기강원');
INSERT INTO SHIPPINGCOMPANY VALUES ('SH00000002', 'SCOMPANY_B', '0531234325', '부산대구울산경상');
INSERT INTO SHIPPINGCOMPANY VALUES ('SH00000003', 'SCOMPANY_C', '0423325593', '광주전라대전세종충청제주');

-- SHIPPINGORDER

-- ORDER_LIST

-- SHOPPINGBAG